frame,x_0,y_0,x_1,y_1,x_2,y_2,x_3,y_3,x_4,y_4,x_5,y_5,x_6,y_6,x_7,y_7,x_8,y_8,x_9,y_9,x_10,y_10,x_11,y_11,x_12,y_12,x_13,y_13,x_14,y_14,x_15,y_15,x_16,y_16
0,909.2285,227.83049,919.5929,214.49341,894.5737,213.00238,921.41327,222.59097,854.8116,219.60745,933.5234,307.28085,799.5872,305.3204,944.4905,432.6135,772.3015,428.89728,911.00323,515.925,824.14526,512.1319,907.27716,518.93225,807.4702,519.1114,928.2173,694.89557,764.0537,695.09045,951.0575,863.1014,736.2287,862.58624
1,906.8207,225.20444,916.1316,212.07285,892.6857,210.8443,915.9827,222.00742,853.8902,219.69127,930.7663,307.46475,799.6049,307.3223,945.52026,431.73206,771.4852,432.0926,911.18005,511.3961,825.72894,510.9796,909.8128,516.74176,811.98,517.7062,928.13654,690.17194,766.3984,691.9236,950.3949,860.78326,736.8884,861.27875
2,910.0322,225.23016,918.4188,212.11679,896.20776,211.27808,916.43646,221.91884,857.50385,220.5206,931.7188,306.60822,802.0783,307.4794,948.54333,427.10745,770.5824,428.7779,914.29083,505.42502,822.53577,507.25644,910.1452,516.44257,813.59937,517.90295,927.6469,688.9475,767.54913,692.4299,950.5474,857.6323,736.0362,860.15753
3,908.72174,225.85497,917.3214,212.03636,893.9015,212.10342,916.79083,220.82996,854.7614,221.65594,932.15735,306.03363,801.9566,308.339,948.83716,428.95148,772.69965,430.15796,914.1306,510.0078,825.2604,509.35477,908.82043,514.967,812.0614,517.12506,926.8127,686.77765,769.5746,691.38617,952.35864,855.4979,740.02893,858.18866
4,904.73645,238.24155,913.30963,225.07031,892.2768,224.32896,914.70123,230.18692,856.96277,227.70721,929.61646,308.481,804.5232,308.67014,946.4661,425.00775,771.9201,428.5956,911.42816,510.2407,821.23834,508.7616,904.6819,514.0198,813.73315,515.61017,925.40643,680.2809,778.4612,683.6757,947.7155,851.6069,753.65814,851.30994
5,907.5526,231.83185,916.5185,218.63013,894.1932,217.45432,917.91656,226.2409,856.1519,222.59308,931.2453,309.5962,800.896,306.4107,944.02496,433.02896,768.6907,429.95856,907.4958,516.033,823.56134,509.05783,904.5447,517.3774,810.14905,517.839,926.1533,684.3098,778.07874,684.8734,945.99133,854.8752,755.2402,850.3959
6,905.8904,239.30838,912.68005,227.57869,893.78595,225.34172,915.0822,236.67673,857.08124,228.02357,928.0805,315.80203,797.13837,309.67813,945.6579,425.15756,775.3574,427.0278,929.4115,503.07,830.0382,514.2993,912.2719,525.3281,827.3592,526.5615,918.284,648.0271,845.3375,650.54297,896.4516,719.7834,864.43823,724.99115
7,910.87506,233.97697,917.3321,221.92296,898.0511,219.87314,918.67566,232.8224,859.07965,224.6142,931.20996,315.48618,797.5862,310.38986,949.1455,425.9609,776.41595,430.99167,929.86365,502.62936,833.71893,518.74457,914.3995,531.9298,826.1159,533.47565,920.9099,656.28064,835.0946,659.2859,899.08636,728.1751,847.36566,734.5447
8,917.93463,237.80475,926.5576,224.07,904.31085,223.0221,927.4519,230.43141,865.4246,227.25774,940.9204,314.70786,806.80743,312.2643,949.41895,437.69943,776.0343,440.09723,915.4142,518.7433,822.4131,522.0215,907.3643,533.28064,809.43665,532.57837,934.24866,704.2388,773.22974,699.20166,951.6488,869.6854,744.29156,859.6138
9,912.73505,237.64563,921.8223,224.18614,899.7234,223.08362,924.39166,230.05655,863.58606,226.79929,939.7145,313.1501,807.42395,312.03076,948.8643,435.48984,778.88654,439.49057,913.6569,519.17523,822.69293,520.26245,908.251,531.41833,811.19934,531.197,936.2923,706.42163,773.65924,702.8733,954.4627,867.88055,743.45337,860.61475
10,908.7613,235.70819,918.28644,222.35806,895.7857,221.13556,922.5303,229.09767,861.24445,225.43657,939.6189,313.36572,806.85443,310.8025,948.627,436.84396,776.5106,438.33115,910.7522,516.67194,820.75415,519.2979,910.71356,529.5583,812.8588,528.72974,938.1326,703.8148,771.67255,700.40106,955.56464,866.3605,738.4082,860.3978
11,907.9201,232.53745,917.18555,219.80383,895.63696,218.23082,920.84717,228.38022,862.09,224.0485,938.6217,312.32996,809.12445,309.478,951.3445,435.736,778.30115,434.20746,912.48413,517.6419,823.3178,512.14453,913.09247,522.55176,817.5282,521.94257,938.36975,695.3557,775.20435,694.0447,956.0005,861.9526,740.944,857.9555
12,919.077,236.7377,928.0869,224.18623,906.7169,221.94937,929.3749,232.27052,868.8227,226.19934,942.0059,314.98196,811.4281,309.04495,955.84186,440.44247,774.85425,431.75198,911.97144,519.0444,821.8277,507.03296,913.9041,518.4244,817.8042,517.3834,936.85425,687.60834,775.3711,689.0976,955.3956,859.78937,743.1119,859.76166
13,918.96094,241.63065,927.5394,229.19623,906.73975,226.6734,927.00146,240.9732,866.41003,234.54996,935.6851,325.11163,809.93134,319.15573,951.7229,450.8648,778.2982,440.2153,910.3219,523.3588,828.3681,508.5903,914.21436,523.92395,818.8514,523.06696,937.24347,688.13727,776.5401,692.63715,950.9284,857.0023,741.9589,864.40283
14,925.45593,248.23334,931.8897,235.73058,913.9863,233.46721,926.23737,245.72191,871.022,239.72067,933.40857,324.6056,811.6987,322.11166,950.9312,443.66724,780.4263,442.3764,915.2675,518.91693,830.98486,510.32382,916.9865,523.15906,824.15625,524.0451,937.2063,687.90424,778.8159,694.0717,952.65735,859.72833,743.5911,867.09906
15,939.13,241.11475,944.842,228.36823,927.02295,225.6503,935.8925,238.74889,878.5091,231.6644,937.98566,321.87018,814.2063,317.6603,951.3375,447.82645,783.29596,445.235,914.66785,524.6047,831.709,517.0703,916.64154,523.67365,822.5926,523.6549,939.1035,693.66034,781.2459,697.35626,948.65497,861.473,743.0138,866.3765
16,903.73157,247.36093,916.3588,235.3472,892.65094,231.75293,925.5513,245.64624,862.8805,237.32085,940.7298,328.64676,813.3474,323.31436,953.91705,458.13916,784.5433,449.31427,914.7518,534.75055,830.3431,513.59674,918.8062,528.5102,822.85583,526.6494,940.4751,699.7957,776.26526,701.3271,950.38043,863.07245,743.0632,869.439
17,912.8247,248.04337,924.31775,235.92764,900.8777,232.12592,929.02844,246.15733,863.9315,236.8742,939.91315,329.36044,809.7691,324.15524,953.4205,458.5631,784.672,452.3313,910.7827,534.9029,829.9329,522.2152,919.69763,531.8793,821.7999,530.9621,943.8932,699.7981,777.6462,705.1469,948.63544,858.7127,742.6004,872.666
18,924.1191,251.43896,932.2952,237.91782,910.9735,236.03192,931.2695,245.3628,867.3533,240.66284,938.17737,326.12637,810.85144,325.42703,953.0605,453.23282,784.6996,452.45657,912.44275,533.8466,825.1608,524.94086,916.4769,527.9402,819.50354,529.7807,947.78046,689.7728,778.88727,701.16406,956.52966,852.2236,736.1988,871.49927
19,930.4985,253.74153,936.0582,240.15431,917.22253,238.01353,930.3945,246.0271,869.4672,241.1878,937.9468,325.37714,807.9835,323.3472,952.08295,450.29254,784.178,449.87677,915.52203,531.99976,829.18744,519.3727,913.5729,532.7997,814.7981,532.5141,944.8946,704.66144,775.58136,704.203,950.2747,869.31116,731.7707,867.187
20,915.6669,252.60394,924.3586,239.15254,901.85236,237.35028,926.40643,246.89749,861.3745,242.96521,938.11694,328.63464,805.3814,327.29465,948.85205,451.7332,778.2929,450.07132,914.35016,534.2597,831.46674,515.6494,913.1875,535.3375,812.9599,535.7325,946.9268,705.99243,775.79865,708.1319,947.4546,865.90173,730.26636,869.1351
21,916.9653,252.2341,924.122,238.91263,904.66376,237.94199,923.41077,243.74529,867.0581,240.85428,939.5682,320.67984,807.89966,321.8652,952.56354,437.6923,774.9504,445.5952,914.88104,525.5442,825.4534,523.3072,912.9946,528.8495,815.37946,530.48254,945.81854,698.2454,773.9586,700.6753,958.9146,864.1331,732.8864,864.3924
22,916.0412,257.0851,923.047,244.15585,904.476,242.46432,920.46954,248.84436,866.1887,243.72684,931.8344,325.48325,803.5703,321.96277,945.21796,442.2669,767.64374,443.14932,912.60297,527.64606,821.2562,527.09875,903.3888,530.99506,807.8099,531.65857,944.1468,699.32837,773.53143,701.22534,960.796,867.68665,732.7652,869.0376
23,919.70746,249.78159,926.3727,237.3359,908.15283,234.9132,921.5448,245.18939,866.885,238.3245,929.3863,326.22202,802.51636,321.0092,938.7832,446.18518,770.3482,448.1112,905.4115,529.20465,825.5156,534.146,902.07294,533.3183,806.96796,532.8803,941.4718,704.684,773.1698,702.2826,958.463,872.93726,735.3516,867.6935
24,915.7128,242.3388,922.45624,229.18405,903.22595,228.06995,917.91766,236.79158,861.5887,233.2337,925.61975,318.75494,801.1967,316.90625,936.7024,437.26218,769.46436,439.68787,912.401,523.67566,818.5932,524.70306,899.2986,531.07166,806.0398,532.4466,935.7864,701.6388,770.9445,703.0535,960.2203,868.5491,736.6506,866.606
25,915.73834,252.16782,922.7762,239.03723,903.00555,237.38068,918.77954,244.629,859.61194,239.60262,925.9996,323.37817,797.4503,320.54462,936.92474,442.9303,768.0775,445.98148,911.90924,526.75195,821.98334,531.08795,900.9502,534.72473,805.10266,536.20294,937.33563,694.63,769.0382,697.44916,958.0403,861.5521,736.5079,862.6745
26,916.69543,254.34091,922.69684,241.17027,904.3316,239.57108,916.201,245.97418,860.0191,241.51611,923.2676,323.81186,797.9944,324.14175,935.2207,442.98206,769.81134,449.37433,912.6004,535.3667,824.5443,527.0054,899.9206,536.13776,806.70154,538.72015,935.46924,701.17236,771.86206,703.9922,953.2348,867.5358,736.68146,865.2737
27,916.4561,255.9972,922.06665,242.81131,903.50305,242.12956,916.4739,248.10434,860.897,246.26962,924.50903,324.93274,804.3818,327.56955,937.57623,436.21317,775.21625,450.0759,916.1847,522.9397,824.6794,532.46155,899.73145,530.14734,810.5785,532.691,931.1291,696.85486,777.13885,699.1855,945.1906,864.7044,737.2652,862.08826
28,917.23206,249.67113,922.14813,236.44821,903.5378,235.65756,915.73114,246.3967,857.73016,244.93405,921.43787,329.09967,799.51666,331.32962,935.0849,443.60852,770.5959,450.28732,913.20233,530.79236,815.83417,519.5743,897.69037,536.965,806.1979,539.48456,934.7846,703.1602,784.35406,706.50574,935.933,865.461,739.12115,866.25183
29,909.3657,249.41565,916.94714,236.5524,895.7002,235.62547,915.95917,248.33047,854.7492,246.13852,921.6242,332.92545,800.38824,333.17807,934.1986,443.85205,769.65424,449.17923,913.2385,523.6589,819.49316,522.3878,896.16656,538.1172,804.9816,539.91785,929.2861,705.0947,778.3742,709.7027,934.5813,867.95013,736.5207,873.28876
30,914.0504,249.37317,922.36725,236.68735,900.6964,234.76007,921.2328,248.12833,858.3422,243.34094,926.82294,333.30676,801.0927,331.91983,940.1272,448.06406,771.3377,450.8095,916.3665,527.11536,819.93207,519.37866,900.993,541.2036,807.2073,542.1147,930.65186,711.52264,776.8982,714.62634,934.29126,871.12115,738.9998,875.43225
31,910.22394,247.5282,920.52545,234.96721,896.1435,232.93002,924.19904,247.49414,856.3773,242.84409,932.1859,334.45248,802.79736,332.5577,944.6182,450.0358,775.07465,451.88397,913.98236,525.523,821.75574,520.46173,902.5814,541.9223,806.3555,541.8262,933.4653,714.1938,778.1238,715.11584,936.2436,873.2232,742.85175,875.92145
32,925.63257,267.36566,932.86176,254.93346,913.1391,251.84518,928.5524,260.48965,866.24384,253.24818,931.4219,334.68127,804.79065,334.00992,950.2672,440.08575,778.95245,452.42188,922.1074,513.466,825.2089,520.0441,902.43005,538.175,808.1792,538.3349,930.80554,711.6647,778.83203,710.54004,935.34436,875.1447,747.7142,871.94885
33,925.6278,271.48828,931.0657,258.31204,913.22394,256.3954,924.8984,261.17606,868.0868,256.8978,931.56305,333.07,807.0593,334.37576,949.5145,440.80966,777.8757,452.16486,925.4458,512.58105,829.1954,514.0558,906.9035,538.4903,813.8987,540.1335,933.9915,710.01526,781.53174,712.71313,938.1185,870.7898,742.7462,871.27844
34,919.5196,266.56116,927.77295,254.06277,907.6813,251.21915,927.4968,261.33755,869.5988,254.77077,937.4035,341.7584,810.58417,335.7368,949.61755,464.43732,777.73083,454.8436,912.3047,534.8128,828.68866,515.6556,907.8131,545.3925,813.4333,543.9326,937.5487,712.5085,783.2333,713.42737,938.0982,869.2687,743.9749,872.80927
35,923.1881,257.98114,930.4303,244.5943,910.0748,243.27017,929.3421,253.8779,871.0481,251.05646,940.7791,337.64026,813.3322,334.3998,950.73364,459.91965,776.50714,454.8448,913.0586,533.1695,828.93097,521.35455,912.1245,541.23785,816.9397,540.6313,939.741,709.2527,784.8508,709.97186,941.5739,871.32806,741.47064,871.78235
36,926.2616,262.16144,933.43274,248.72379,913.5443,247.41861,930.7119,256.862,872.5477,253.68239,940.73114,338.46942,811.4028,337.7231,951.43726,458.6468,777.8533,456.0194,915.191,534.8277,832.2942,515.3088,911.54486,548.098,814.99585,549.22107,937.3957,717.08093,778.1426,722.31885,943.1649,872.5351,738.53217,878.34924
37,917.2079,280.74155,925.68243,268.06357,905.9588,265.88092,927.6321,271.1878,871.42236,266.1224,940.30835,342.56827,814.2719,338.95856,955.18164,454.50934,778.7936,451.91373,921.64984,525.0809,830.9847,516.9869,911.85065,541.50824,817.72797,540.78625,938.8122,711.824,783.9778,712.4487,947.9035,873.7187,750.0578,875.0957
38,907.6963,277.3722,916.82996,265.58554,899.70996,263.10303,922.264,270.79575,876.62604,265.2225,941.98376,341.84528,818.9814,338.2971,957.02765,461.28937,779.6785,455.14215,920.98737,537.999,835.55865,517.2955,909.7932,540.105,817.7505,539.4403,939.67883,707.3474,784.7185,710.4818,949.819,868.68646,747.518,874.56537
39,928.9166,268.49478,936.54645,256.37506,918.4556,253.61714,934.2711,265.32358,882.1981,258.6862,943.3235,343.6263,819.2393,338.15964,955.0013,463.83777,781.55554,456.91415,925.9171,542.05963,841.1986,525.84955,914.2217,541.1666,821.03015,540.6077,941.49335,707.2801,785.96466,709.4171,951.0886,868.7712,748.8332,871.2159
40,938.9628,267.61807,946.425,254.88025,926.8548,252.29128,942.02094,264.37396,883.6774,257.7487,943.9071,346.88754,819.716,339.46832,952.60895,473.26007,780.8053,460.65738,922.345,552.4439,839.473,529.366,913.5054,540.35187,819.7824,539.4942,942.0427,706.5351,786.30963,708.95074,950.8621,869.5804,748.5159,872.3896
41,943.45776,272.08585,948.89197,259.92078,932.8371,256.69223,939.5188,269.57825,888.64606,261.4118,942.26666,347.97867,820.0859,340.67874,955.3264,468.45712,781.7439,460.60483,924.963,543.8973,841.17554,529.24664,914.95154,542.3996,822.04675,541.3795,945.7709,707.2006,788.09216,707.732,953.91046,874.5531,747.7559,874.1803
42,939.7995,277.41907,946.2435,265.64026,929.5417,263.07526,940.81995,271.2946,889.9349,264.03644,946.743,344.32233,822.1795,337.98843,960.35345,456.59174,779.9451,452.90225,927.63855,530.21344,836.2747,527.3218,914.6378,538.51135,821.9905,538.47064,948.1432,706.9355,785.0858,710.6136,966.6175,870.83093,748.69147,874.8897
43,939.01196,272.11368,946.8206,260.1991,927.779,257.58774,944.18353,267.9059,888.16626,260.68582,949.7732,344.14545,822.39667,337.54623,962.0263,454.6566,780.95013,452.75677,928.8783,524.0269,836.99084,527.1045,915.10345,538.75946,820.45386,538.0109,948.49274,706.7057,783.1269,707.41754,968.2044,872.66583,749.0882,871.89026
44,936.8361,274.39056,944.9433,261.62158,924.84106,258.62927,942.0291,270.05057,883.3061,262.6945,945.9908,349.77548,819.2976,343.35748,956.60376,467.0885,782.8279,461.90213,928.6006,541.91425,845.00684,531.6753,914.8686,548.3682,819.31915,547.3914,946.3796,708.6322,785.87823,708.42957,954.8344,877.399,748.1995,876.0284
45,932.3821,283.82687,941.2584,271.26202,920.72485,267.67978,940.7106,276.84344,881.079,268.06757,945.0244,353.59927,819.3754,343.6224,955.57825,472.58386,783.77344,459.42535,927.9234,543.39734,842.57996,527.3529,914.4566,549.80444,819.722,547.2689,946.8373,710.6204,788.467,707.9802,955.3391,878.6239,753.3811,875.8814
46,927.17505,279.1195,937.62946,266.74045,915.4094,264.81464,943.34515,273.11407,882.29156,267.5755,953.2297,349.74252,824.2742,343.2487,962.292,461.85983,784.73334,455.7899,925.7908,533.0167,839.26227,529.4286,916.3096,544.3068,821.12366,543.2033,947.4808,710.6221,786.42834,711.1198,967.6165,874.27,757.9964,874.37256
47,926.3095,275.22052,936.67914,263.26236,915.21246,261.10724,942.0571,271.28897,883.41675,265.35754,952.94604,348.82993,824.8451,344.0618,962.39215,462.42343,787.5194,459.99124,925.2012,543.6141,839.30774,539.134,915.9562,545.9172,820.97955,545.3974,950.8836,710.8323,785.96045,712.6696,968.21356,875.229,752.63324,878.13904
48,940.75433,265.3893,949.7071,253.03537,927.0835,251.16623,947.1229,264.127,884.6285,260.56525,953.63165,344.7229,822.16315,344.8494,965.2966,458.00363,786.82166,461.63983,927.15765,542.63196,845.3366,538.75507,919.9356,537.6195,821.2669,539.1103,952.1162,708.1507,790.25946,710.915,967.04395,875.97473,756.8549,877.4528
49,948.284,266.86084,955.8823,255.1247,936.5023,252.26628,948.249,266.19388,893.0473,259.99924,951.57355,347.1567,824.0048,343.33734,962.98663,469.08655,787.89685,462.8519,924.6607,556.9434,848.70374,539.31775,915.5854,540.8072,819.449,541.13947,949.17303,711.83844,789.63196,712.67395,969.9463,879.1943,759.9064,877.567
50,936.29193,267.0101,945.1562,254.68666,924.4239,253.36826,946.64233,265.4741,888.85474,261.38882,954.9306,348.65625,826.5075,343.8966,962.9954,464.19205,787.60443,459.95517,928.3814,553.0424,843.0896,545.5217,914.17224,549.77747,819.404,549.4085,950.62683,717.4667,791.7667,717.37103,969.1526,879.98883,760.16693,877.6395
51,935.1191,265.48032,944.8904,252.89886,922.4032,251.93234,948.71545,263.8582,886.7959,260.80737,957.6953,348.10355,828.47534,345.9701,962.93414,462.206,792.36957,461.1266,926.43695,557.52484,842.24084,547.79913,918.68414,554.25244,823.1016,554.5349,952.6795,718.7212,791.05505,719.7831,967.9911,881.9028,758.19385,881.74664
52,934.71606,263.1699,945.0411,251.07953,922.0252,249.21469,946.29205,264.05795,886.3036,260.52835,955.59143,348.65817,825.82745,347.62372,964.01715,465.6285,788.37616,464.3273,929.9167,557.0858,845.9867,545.4937,917.90265,550.37115,820.89075,551.2897,950.8087,715.791,791.3597,718.7364,964.11255,882.1429,757.7005,885.8712
53,938.1094,260.9989,946.8966,249.29068,926.15796,247.24535,943.99646,263.46442,888.67255,259.4294,952.5972,347.58572,824.70886,347.38422,964.64795,464.46652,788.88904,466.36057,930.82104,557.0968,851.39343,548.2745,916.936,548.9773,820.6121,550.6472,952.1673,716.59314,791.4667,721.1018,966.12726,886.08826,754.87024,891.13245
54,941.2498,267.70752,950.39233,255.75311,929.1583,253.1846,947.3595,267.571,889.8519,261.97955,952.4854,351.17624,826.2169,346.84772,960.8201,475.9391,789.661,466.11282,926.54486,565.5101,850.1606,542.6802,918.50226,549.614,823.0117,549.9943,950.27936,717.31165,791.3104,721.0059,965.23865,887.0861,756.8485,892.14136
55,942.84467,270.66055,952.19696,258.82242,931.45276,256.0049,949.30176,269.10754,893.31464,262.9077,952.5062,351.14578,828.90967,345.80292,959.03986,476.8894,790.64526,465.2579,925.45935,568.7502,847.0476,544.85815,914.82556,548.66473,821.31775,548.506,947.8944,719.38934,791.6957,721.88635,966.0826,887.0061,759.3857,890.8068
56,937.5767,275.93857,947.3431,263.74982,926.842,261.74506,949.75507,271.26126,892.9095,265.49506,954.9176,350.1059,831.2492,344.87302,961.02155,469.37704,791.65137,462.26077,927.10895,564.0471,844.01447,546.0015,914.2286,550.08093,822.1813,549.917,947.9691,715.3175,789.3992,718.1461,969.6173,884.67554,759.6121,887.59827
57,938.89874,282.31763,947.3614,269.55194,927.83484,268.25967,948.03534,273.89832,891.95917,269.94867,954.7596,348.65323,829.78094,347.10782,964.08325,464.48557,791.36774,464.48907,927.45557,561.804,845.93195,547.7058,915.9599,550.8602,823.1763,552.31573,949.68823,714.66473,791.2654,720.36,969.0105,886.0944,759.8622,891.5609
58,943.2199,278.522,951.3472,265.6119,931.02374,263.8492,947.15515,272.40118,890.93024,268.77603,954.0531,351.0392,825.1055,350.26923,964.79095,474.3871,787.8054,469.90274,929.7631,567.5991,851.2057,543.7462,918.54803,554.6262,821.8221,556.74915,951.3986,717.7248,792.5576,724.2932,965.4483,887.7808,758.41626,895.11316
59,952.56647,269.56137,958.1871,256.87143,941.2768,255.43025,947.10297,267.61212,899.2757,264.5377,952.93805,351.1918,828.25934,349.8719,962.90594,480.4768,788.4545,472.41202,926.85626,571.23804,853.20013,544.4103,918.27686,557.8114,824.0686,560.1143,949.7717,720.77765,793.0738,728.3108,967.29736,889.204,756.0198,896.77295
60,957.1157,270.24768,962.40894,257.70914,945.71747,255.76447,949.90247,268.89404,901.68695,264.79678,953.12256,353.1029,829.05066,350.29834,963.5327,482.15262,788.70746,475.16565,927.43524,567.8522,852.6398,547.1413,915.18054,555.2741,821.4461,556.49194,949.8205,720.63715,794.6175,724.59015,965.35547,891.3064,756.2152,893.8081
61,956.35626,268.83447,961.4905,256.33282,944.75134,254.75876,948.759,268.1027,900.07184,264.9919,952.05493,351.296,829.0509,351.0814,962.8067,477.9237,790.8384,475.77603,925.5053,566.5159,855.65515,548.5459,917.4311,551.4187,824.15643,553.7959,949.65106,717.00745,795.6773,722.60614,968.1197,889.87994,760.07263,893.03394
62,951.27563,275.11295,956.38275,262.39584,940.08673,260.7842,944.71014,270.83295,897.51013,267.48917,951.14484,350.2043,827.54285,349.2236,964.2494,474.7079,787.9862,471.4676,928.7318,559.3488,852.8529,543.2477,919.87134,552.7121,826.6877,554.7358,948.8075,719.0003,796.0948,724.0036,967.7979,891.47943,761.5371,894.1557
63,955.838,268.75644,960.11285,256.49982,945.12067,254.52081,945.57886,267.53836,900.93787,263.26486,951.03424,349.30426,825.8764,347.97903,965.4873,473.84,784.4724,473.60577,928.9805,560.34393,853.45514,552.59845,917.9493,552.605,824.07684,554.8132,950.5208,720.5124,798.04486,726.2926,966.47186,891.44244,761.6073,895.84753
64,944.5001,266.89746,949.7186,254.87448,934.40137,253.12006,938.8539,266.2067,896.4415,262.6138,950.8647,347.3694,827.1868,348.02637,967.0933,466.40698,787.0884,468.33023,932.5181,555.9122,851.4797,544.53577,921.9961,553.0851,829.39636,555.25,950.0398,723.4117,797.2271,727.96246,966.1484,889.9809,760.5011,892.7641
65,947.9279,268.1156,953.602,255.88275,937.3859,253.98907,943.6745,264.41977,897.5386,260.55212,953.43,343.06467,826.79926,343.31085,968.9165,463.38254,787.3893,466.45688,930.0405,555.02014,852.6068,549.3093,918.9983,546.2289,824.32214,548.042,948.7107,720.008,793.57983,724.2442,965.9546,886.09576,757.901,888.77203
66,939.9377,266.18585,947.59424,253.90388,929.04144,252.60974,946.2173,263.50406,893.5613,259.4081,954.86554,343.62177,829.69965,340.83673,965.87476,458.09546,789.28845,458.85892,932.1636,548.6149,849.89996,545.8716,918.40045,545.9135,825.98126,546.97406,950.1592,713.25916,794.5756,718.46826,965.8563,880.78033,759.328,886.0939
67,945.47723,261.70605,953.47614,248.9219,932.8731,247.27231,947.8841,259.51044,892.0261,255.9625,953.0642,344.02844,825.53894,341.5428,962.72614,466.53113,786.19653,463.16382,934.5914,551.50433,855.8995,543.25635,919.3356,545.4708,823.8417,547.223,951.0674,715.97217,796.44086,721.1086,967.8596,883.85474,763.0364,889.48267
68,931.16223,271.16483,941.15393,258.9146,920.2064,256.65665,942.1595,267.25204,887.83875,262.48306,952.69025,346.2473,824.9086,344.04785,965.6882,465.33878,785.7166,464.11307,937.2151,549.64325,856.37555,542.25494,917.15045,546.4051,821.56824,548.0257,952.3063,711.4261,794.5903,717.978,967.0569,882.1094,760.5803,892.08417
69,933.0615,275.4027,942.3291,262.77823,920.9601,260.7408,941.6327,270.49292,884.6833,266.16504,950.83466,349.85504,822.3518,346.8631,964.2765,468.61743,786.2939,464.48987,938.3917,550.2362,853.53076,542.1317,918.40814,552.31934,822.102,553.85016,954.0705,714.9075,794.9502,721.2484,968.40564,882.3846,759.9139,892.0868
70,936.7685,273.0118,945.7202,259.52994,923.2553,258.47177,944.6119,268.43182,884.9824,266.4213,954.1179,351.4076,823.2613,350.45645,965.6724,470.11517,789.5592,470.5807,942.5058,558.7806,859.5888,557.00903,921.83734,559.71204,823.26544,561.6028,957.5201,716.87305,793.2906,720.33636,976.50494,889.1129,758.57056,892.02814
71,934.0397,273.25946,943.698,259.48117,920.02997,259.665,948.6614,269.54846,883.84924,268.8445,957.948,354.18457,826.47217,351.1379,967.48096,470.988,787.52875,467.61035,940.37646,558.6814,845.8887,551.1852,919.0362,555.55615,821.53534,556.297,955.60767,710.38275,790.8749,712.1569,976.0899,886.1453,759.5093,885.35693
72,946.96735,292.13022,952.5378,278.71042,935.5172,277.95932,944.21436,282.968,896.26306,281.78412,953.873,355.92242,830.74774,357.0457,968.9828,480.3329,789.8295,478.94037,940.51996,560.2524,845.8979,537.56177,922.9225,549.74414,829.56335,552.3188,953.4961,711.3477,795.4929,716.9942,971.46844,885.958,759.9755,891.08777
73,950.9631,287.68387,955.9926,275.08633,940.8966,273.95398,944.3859,284.65268,901.414,282.28683,948.4994,362.87137,830.7477,362.7292,963.29083,493.40753,795.99194,492.02545,934.9171,575.7215,859.08075,562.09766,909.41125,556.3621,818.6748,559.2472,950.1149,711.8835,792.5787,720.3849,974.7222,881.9326,756.97687,892.35846
74,941.3928,302.0009,949.0815,288.38058,928.46216,288.09723,945.9449,297.16388,888.8597,296.9752,950.2433,374.82257,827.87805,377.20737,961.7963,501.76245,802.6046,506.974,938.7796,589.9206,864.1108,580.42645,913.1889,562.6392,818.29877,566.3203,960.8461,701.52136,795.1376,709.3798,978.3915,883.7333,760.93115,895.4184
75,938.67444,303.69202,948.06415,290.3122,924.726,290.48523,951.25946,300.02365,885.7892,300.69717,951.4516,378.2007,831.7079,382.23706,965.30493,501.0651,816.3228,515.3119,940.52106,589.88135,876.3957,598.67816,902.1546,561.3093,808.1433,564.79285,957.67773,696.1794,792.69696,707.356,964.2393,870.57733,750.90424,890.92474
76,948.17377,314.25366,950.51294,302.60468,936.00995,303.8504,945.52795,315.9244,894.80774,317.68344,950.31854,386.56824,834.84875,388.13333,961.6992,504.47397,828.6929,514.12866,933.81323,598.03217,878.86743,602.7347,906.02844,550.04535,815.486,552.35596,956.7882,693.1822,784.88635,699.92883,964.18854,865.2862,738.7868,873.80695
77,950.82007,313.39664,958.96533,300.26166,936.5805,300.5983,955.4219,312.87927,891.7747,314.2414,951.88336,391.51202,833.33826,401.12167,964.78876,507.66,823.762,534.5048,941.031,597.68097,877.126,619.53314,905.9326,568.98785,811.41376,574.9994,962.39246,708.3593,784.85376,722.5097,981.94965,869.7953,742.3317,892.79095
78,932.8773,331.71637,944.3777,318.2301,918.35547,319.96228,954.7363,325.17493,880.4255,327.97897,952.28546,396.49258,836.972,409.38986,966.0839,504.9926,839.17114,535.09705,942.0586,604.46356,884.8239,625.1988,907.4735,577.7847,817.286,586.2367,956.73,716.30444,788.40985,743.8039,970.71735,871.04407,751.9884,916.5596
79,934.90894,335.78357,944.3414,321.77133,918.36456,323.53665,953.6356,328.55386,877.6094,333.1131,952.2072,401.03705,838.04974,411.14008,964.62067,509.89474,842.14526,538.4787,947.7908,602.2156,885.2089,628.9823,905.6598,575.4622,816.2461,580.76624,965.5901,710.20953,802.6388,722.15607,969.7953,876.236,756.2848,895.23236
80,938.7012,343.3635,947.7572,329.24203,923.062,331.57428,955.355,334.34665,882.582,339.7666,953.2301,402.94016,839.9424,417.71814,963.9291,506.98575,844.9031,544.1426,951.36957,607.097,888.34186,636.4466,908.2141,581.9638,819.16223,589.8577,964.00806,716.38696,797.1971,733.8435,974.1816,875.8442,754.761,902.1332
81,941.79736,334.57086,950.9129,320.17868,925.8003,322.72546,957.97485,327.09473,885.7109,332.77826,956.9164,401.99188,841.7901,415.22003,963.1767,513.6219,844.13513,546.5239,952.8018,612.3025,888.2494,640.03424,913.68256,588.7942,823.6108,596.13544,967.45953,721.4734,799.3594,736.38043,980.3908,877.0192,758.8149,899.63165
82,939.9026,337.0951,949.4661,322.18195,924.19196,324.90125,957.17126,326.33627,884.74536,332.31088,953.78705,399.58173,840.57153,411.86563,964.7511,512.47797,842.77155,540.54083,955.5326,608.7757,887.95807,634.3676,905.5001,587.6902,816.8442,595.90704,965.6265,719.66,801.0218,741.66675,981.882,874.19037,759.8967,908.74036
83,951.3778,324.3438,957.8927,310.19684,935.68146,313.2703,958.17267,319.39886,889.36475,325.97836,953.6921,397.176,838.7099,411.02448,969.3118,509.37634,841.6366,539.66144,957.8044,610.1816,887.6801,635.10095,906.0542,587.06384,816.4076,595.99243,962.66205,723.507,798.4561,746.97144,977.23615,872.97864,755.1228,907.069
84,947.2235,314.5347,952.86884,301.41132,933.4435,303.9246,951.28986,312.7609,890.3295,317.7506,952.88367,389.30634,836.6183,404.8516,971.45734,497.38605,835.9952,535.2895,951.0563,591.90656,885.0601,624.606,913.4186,580.85065,823.66003,590.1629,962.0627,724.54144,799.3956,747.8681,974.65686,876.2576,759.2244,910.45795
85,939.3236,314.72427,947.55304,301.81174,926.6505,302.91782,951.40796,312.1939,891.6508,313.41397,953.7955,388.80362,840.2005,396.0383,964.56976,501.74734,826.3288,525.5153,944.983,586.79114,885.5618,614.3931,918.4225,576.7251,830.33136,583.38666,966.39496,710.13983,802.21606,731.88153,973.054,871.8353,756.434,908.43665
86,949.15466,306.96304,955.28925,293.61484,935.6096,294.84732,948.40137,307.5231,893.1804,310.7758,953.3064,387.52524,834.9879,398.72726,976.64667,504.45108,815.0288,531.52795,953.1226,579.6231,881.149,602.9535,923.27655,565.7738,830.77203,574.0241,968.89984,706.4192,806.6044,727.2596,988.29803,874.8935,766.4746,904.06226
87,952.3246,310.83447,956.9682,296.63644,938.94257,298.50763,948.7147,306.72968,896.2709,311.39044,958.7403,383.84518,834.28986,394.20648,981.19135,500.1383,812.04987,522.3283,940.19336,569.69684,874.6657,590.60583,924.4878,575.42834,828.46967,582.34283,967.79395,704.87396,806.4557,721.2719,987.0149,881.12,771.4023,903.32117
88,957.2432,289.6794,960.58136,275.71228,942.6308,278.19968,954.4235,291.81113,895.2796,294.71384,965.547,373.82977,833.58,379.5391,988.0891,490.16602,804.9017,504.5006,963.01965,575.0221,866.25354,575.1608,937.5162,567.4407,838.2492,573.81464,962.75995,698.73834,800.40125,714.7155,977.0301,884.8027,767.2833,896.54944
89,959.14966,288.1896,959.55566,273.70834,945.61,276.17078,948.0147,288.32263,898.6824,291.87552,958.9338,372.7014,834.2729,372.93118,984.0746,489.77695,790.0999,488.24097,957.4849,563.6694,852.9051,555.17755,939.26556,572.31635,846.5254,576.0044,961.05707,700.813,808.39087,710.948,980.4452,890.42377,770.2006,893.71735
90,948.8066,290.89517,952.03076,277.10193,936.7951,278.4368,944.80646,288.95862,895.0236,289.76047,957.5264,369.94968,830.2317,371.33606,982.6573,482.1638,791.7836,484.15195,959.3606,564.0511,852.84705,550.4282,934.8062,577.6555,841.06665,581.40546,957.55084,718.03735,802.4634,726.49536,982.756,893.52264,776.5781,896.32605
91,943.97394,291.06946,947.73254,277.48462,931.2259,278.86438,942.79614,290.39282,889.9561,291.81882,956.9447,373.63608,827.8471,375.20737,982.68896,488.66806,788.56665,488.3535,953.5458,571.11884,842.24817,552.8615,932.5432,577.73395,837.9872,581.5371,961.8188,722.9356,807.31934,733.0386,980.3861,894.9934,776.1839,901.79285
92,940.00916,290.25085,947.02924,276.34827,926.32184,278.16803,949.43884,287.75064,889.6548,290.262,962.33,371.54288,832.6419,373.37558,980.8028,484.27835,790.62506,483.92706,949.1926,568.0761,849.1079,554.7366,932.1396,576.1117,837.2197,580.279,962.5232,727.19135,808.4241,740.4549,981.5863,894.5234,778.1823,907.8774
93,934.537,294.29745,941.3696,280.46506,921.29956,281.37875,943.70514,292.20032,886.53955,292.53928,961.61395,378.36795,825.30615,372.59903,979.8542,489.96326,767.3581,468.50116,945.49036,571.7055,824.8384,534.13165,932.4822,587.9638,835.1713,589.0316,961.1953,734.5534,808.11426,740.5578,981.47797,899.35187,779.4969,899.46356
94,942.6274,303.8119,944.07355,290.2846,931.4782,291.50208,935.7061,301.359,892.73895,302.2219,954.1661,381.2711,825.9714,376.6539,983.4608,489.2256,772.62616,472.28476,945.0949,559.24426,824.55347,536.82556,929.9392,587.5069,837.5398,589.3903,960.76215,733.15173,816.17236,742.73914,981.03485,899.06915,781.4151,905.2275
95,932.38666,321.54074,937.98834,308.76242,923.1385,308.38342,938.5878,314.48053,894.4025,311.85965,959.2965,385.28284,829.0824,378.8303,983.1757,489.7382,772.9805,472.94128,946.7188,564.86804,825.7596,542.48456,930.22925,589.33527,836.4926,590.1437,964.7734,740.44574,813.17255,748.1322,986.0664,905.28485,784.32025,912.70935
96,946.8836,297.6687,954.69586,283.77313,932.44006,285.03586,957.30707,295.9287,893.7298,296.99808,966.13916,381.58487,831.8876,380.10416,980.62115,484.178,778.4643,481.4869,947.9543,560.89734,842.27,558.0418,930.8491,587.653,833.97424,591.13306,964.5105,736.02527,810.5936,748.9598,980.7056,903.24115,780.3781,916.49713
97,939.43805,296.46622,950.2749,283.38232,925.3717,283.79984,960.3827,298.47577,895.1195,297.9915,969.2842,387.82886,837.8972,376.1184,978.0367,495.95584,767.65875,463.79123,946.5444,572.2336,821.11945,538.6026,927.5429,584.692,832.5214,584.2711,968.5408,724.2535,815.49207,733.32294,987.1879,903.7068,782.40216,914.2973
98,939.02515,303.34543,947.5328,290.65564,927.07837,291.2282,954.05865,304.77405,899.00085,304.66574,967.35974,388.9778,840.66394,378.13092,979.5703,497.73495,772.25995,464.2696,943.35815,576.6608,817.9876,538.7492,929.23596,584.7779,836.8446,584.081,965.6686,728.4876,814.46747,736.96893,989.2601,906.2454,780.6411,915.51074
99,945.9119,308.88092,952.4471,295.02127,932.9068,296.81244,955.273,307.63742,901.063,309.8095,969.3512,391.12463,838.8879,382.8968,982.04083,496.4879,775.0336,471.8618,949.73126,577.6809,839.3945,553.8503,932.58234,595.8328,837.95636,596.67737,964.5203,725.13763,813.8051,734.9449,983.95624,908.47485,779.69696,917.25183
100,950.1782,304.32858,955.5103,290.4343,935.29706,292.55615,955.994,306.34116,897.3435,308.9926,968.88544,397.9273,834.05475,384.37228,981.27454,507.60822,770.4026,467.9164,943.1531,583.9634,840.03424,550.6344,932.7473,599.5576,835.61224,598.44604,962.28174,736.6705,813.2773,743.82623,982.4728,912.2569,778.54895,915.9818
101,952.94476,304.88937,957.53217,290.9861,938.37634,292.72,954.73773,308.62335,898.7531,308.82108,969.93054,399.26727,830.9171,385.0169,979.1227,511.71606,768.57825,477.09415,946.2378,587.2984,846.5373,560.91833,937.2781,606.60046,835.901,606.62274,963.9862,734.31506,810.908,744.001,980.08856,913.92426,774.8592,918.39514
102,937.2084,311.9202,946.67474,298.2532,922.3837,299.7945,955.62036,312.94052,890.59515,314.16705,966.6632,405.15015,835.05145,390.2345,975.2677,518.0303,779.8308,478.52032,939.6297,584.5827,851.7798,562.60736,927.8634,605.6303,832.0903,604.2883,961.26404,737.9942,810.9348,748.2697,984.0846,907.9659,780.9038,921.90216
103,953.56915,325.87766,958.7156,312.5618,940.308,312.94913,952.9459,326.11047,901.1849,326.21704,965.06964,410.76993,835.80566,395.95844,981.05145,519.6913,772.7025,474.91837,940.6683,586.02844,842.55304,549.7024,934.2629,601.899,838.17413,600.02527,967.3563,728.24945,819.605,732.21643,990.5781,913.27277,786.5261,914.54663
104,957.84564,319.40195,962.04254,305.68903,943.8311,307.19724,959.1058,321.39084,904.05524,321.0175,972.3071,406.8104,834.7554,390.2167,982.2087,515.4976,767.033,474.01285,945.9987,588.16364,838.6745,550.8959,937.3261,599.4941,836.41644,598.5901,969.993,736.81,814.41724,745.38336,987.77075,915.80096,776.32855,919.7641
105,956.2528,323.22064,961.7218,309.46768,943.07196,311.3293,959.48004,325.55624,907.2092,325.9887,971.3743,412.00882,839.7854,397.23596,982.24884,518.0572,770.9757,485.61063,953.5661,583.91235,850.34033,571.8653,934.6518,604.2867,837.66156,604.39557,967.394,739.20013,814.36395,750.6726,994.3325,915.32544,777.94226,924.48047
106,957.7797,349.86066,961.749,334.31824,943.6841,336.81003,960.8326,340.16428,905.0567,341.89542,974.8506,414.21616,836.2445,397.7886,985.4889,519.86365,757.5062,474.52325,946.7393,584.53064,826.03827,542.84485,940.2388,602.2468,839.4872,602.32715,970.17004,727.13824,818.8081,740.241,989.7706,912.9036,785.0063,923.1738
107,958.71497,344.2663,963.6698,328.10318,942.4413,331.1775,964.9854,334.54102,901.80383,339.29053,975.5354,415.79794,836.79736,403.88492,986.4687,519.34344,762.2829,482.35724,949.3209,586.7041,830.68396,556.1022,937.86755,614.98126,838.3037,615.92267,977.32495,731.55945,823.59985,744.1599,988.96185,914.352,783.30597,926.04785
108,951.1232,358.6951,960.97217,343.30627,936.0189,344.24982,968.5426,349.00928,900.3975,347.58334,978.4461,425.9321,834.3408,410.30936,981.78534,530.56964,745.76276,487.59018,947.54114,594.5729,806.7287,540.56134,938.97534,616.3473,835.51196,617.35333,977.2508,727.18585,818.65466,742.09357,989.62964,911.24347,786.82434,926.1885
109,954.31586,359.57303,963.09235,345.16812,941.2973,345.2827,967.531,350.86285,907.57874,347.77597,981.1932,423.6222,838.10455,412.6169,989.97205,518.1656,754.00964,491.071,954.01666,586.971,812.59393,549.5755,944.0104,624.1474,841.3704,626.0202,982.1269,734.1383,819.562,748.08606,992.76013,914.51514,785.781,928.08624
110,968.886,353.7376,976.5529,339.28107,954.79193,339.3253,977.3115,347.55212,914.8829,343.92062,984.442,425.3964,841.6126,412.37598,989.55914,524.13245,763.05176,499.94128,953.7988,594.71234,837.3871,577.7568,945.4354,624.4864,842.4306,626.1817,984.8108,738.4188,822.6308,753.3567,992.996,914.4461,784.3649,929.48
111,985.3792,347.2818,990.3829,332.81415,971.9771,334.12216,985.33435,343.97003,930.7098,343.0557,991.88837,424.00964,851.4639,411.02823,996.07654,523.9224,763.4717,495.50623,953.21484,589.1444,834.23016,574.15576,947.54083,618.2966,845.8629,619.94073,981.47046,745.53296,819.8326,762.96,998.47345,915.8853,777.375,933.7325
112,989.7664,348.8901,995.02264,333.26816,973.71594,335.63187,994.32935,343.49222,933.7475,346.35352,998.40295,430.38876,861.6185,412.1391,993.8269,534.11755,771.23987,491.02075,951.12585,591.3503,853.3903,580.4971,950.9654,626.05005,852.5125,624.71704,987.89685,746.7462,834.8229,759.4607,989.09216,921.53674,780.44275,937.9507
113,993.0665,347.23764,997.4412,332.93564,980.1935,335.38403,993.33673,347.85883,946.90857,350.1849,1005.20874,430.25473,867.62317,418.75967,1004.4796,527.3473,775.98694,505.0538,964.5259,588.774,865.1119,588.2603,954.1787,623.15906,855.5007,624.76886,986.87256,746.6699,834.7617,763.0005,992.3299,917.7501,781.9888,934.23834
114,1006.6161,354.31924,1009.5896,340.6727,995.2925,342.48032,1001.37744,356.3388,960.8165,356.69238,1010.05634,436.26077,873.8332,419.10104,1010.2165,531.3878,775.43945,497.6069,966.3164,588.68616,864.7286,588.39734,954.2864,623.4895,856.0853,623.28754,987.32416,749.94507,834.0861,766.4874,998.2202,919.29114,780.7586,938.11084
115,1007.6208,355.94073,1012.1519,342.87396,995.2369,344.31155,1008.2216,357.8123,961.47144,358.4339,1011.1335,434.63873,882.72784,416.23236,1008.41223,524.42914,782.1021,485.48245,976.864,585.1818,862.1368,568.04224,951.78845,602.03906,858.3858,600.8195,994.7089,734.84125,843.8185,748.2981,996.86975,914.6845,780.6121,930.15314
116,1029.1825,358.0371,1032.8684,345.0511,1016.8387,345.17297,1023.16205,359.66705,975.64624,356.88602,1017.6156,436.47208,888.07196,414.4087,1013.4807,525.19684,784.0893,484.18726,980.8631,584.02954,867.46783,569.4928,953.9887,602.96466,859.88873,600.38367,998.9737,734.4729,846.4333,744.1822,1001.0307,918.7335,785.9277,928.6544
117,1038.6471,360.6038,1040.1604,347.6954,1026.2571,347.6618,1027.9706,364.4211,982.3038,360.59363,1028.5167,442.3277,889.0714,422.62592,1027.7113,533.4927,791.1359,499.41934,983.1676,592.9512,886.2481,587.80835,975.1699,621.3422,874.05505,621.6318,1025.6392,741.29047,857.4985,763.2596,1006.3795,908.1805,778.5138,939.28253
118,1049.1469,355.81686,1052.7766,342.34363,1036.2001,342.82288,1036.8889,356.14005,993.0727,356.52658,1033.0658,439.87054,908.6681,416.3867,1018.95703,545.6824,806.3267,477.30518,991.35504,599.3542,870.39056,554.43365,977.5445,623.0885,881.0274,618.9742,1025.6404,767.5232,859.23376,775.56995,1033.1107,923.17737,782.49817,937.7994
119,1027.8326,398.30026,1035.8053,385.14316,1016.8294,384.84485,1035.3964,388.35333,984.11707,387.11737,1034.5112,447.19556,907.0239,432.7621,1027.4897,532.87415,820.09515,499.8094,1012.4526,583.23804,898.1314,586.2116,982.8576,612.9526,880.477,614.6932,1064.0043,740.1464,871.26984,764.1909,1063.8137,890.21326,785.2797,936.54236
120,1055.546,393.07895,1059.0326,375.24573,1038.6245,380.23315,1059.6749,382.52335,1001.37146,390.81604,1056.7452,460.39838,921.9269,438.01016,1043.8279,560.6856,821.04144,508.36792,1008.6209,605.01013,929.26886,603.6449,993.43176,624.1444,888.3043,625.55194,1091.4788,737.7845,885.6663,763.464,1104.1115,910.8803,789.7643,948.1498
121,1063.5399,422.15994,1068.2906,403.74728,1048.7853,409.19754,1067.0814,399.9824,1012.8508,408.30243,1059.731,454.8567,932.06494,443.8538,1053.6418,529.2552,823.2116,510.18054,1033.957,573.0919,928.39185,599.65466,997.8981,610.8878,895.65857,618.48987,1092.3362,715.4687,878.27527,753.81757,1132.3844,900.1824,799.40076,950.28424
122,1082.1826,420.93753,1086.551,400.66574,1066.4495,407.64038,1085.2131,399.10007,1031.2915,409.19193,1070.1199,463.747,947.8587,438.2462,1068.0311,533.1722,828.42267,494.32886,1076.5542,537.03424,966.7823,618.9211,1007.564,618.534,906.11206,622.99384,1115.5007,713.79877,884.90753,751.30835,1191.0421,903.8096,803.43115,955.572
123,1098.947,439.28577,1100.1427,421.67645,1089.0393,425.33884,1092.5396,416.10205,1058.6941,421.59485,1077.7228,470.37314,970.75543,442.76495,1084.0565,549.66907,864.9381,506.97574,1103.1702,551.10175,974.1369,611.39545,1007.48145,607.93494,913.60803,606.9194,1136.9121,745.9706,894.77423,761.88904,1217.8654,924.82733,800.6953,949.2878
124,1140.6377,409.02155,1146.8027,392.28433,1127.3345,395.36407,1145.0768,401.4832,1091.3905,404.51605,1132.9047,478.98807,1005.29443,457.15466,1115.101,571.98596,917.65704,521.52795,1091.2749,626.6773,1002.6001,613.73914,1055.4501,655.45514,946.2019,654.25775,1167.7954,774.48175,894.3362,790.7571,1231.348,923.27936,798.1538,947.1055
125,1168.9276,410.4006,1173.6638,394.74664,1158.6008,396.43845,1163.9484,406.44986,1122.3907,405.52542,1155.3353,478.0415,1020.2579,455.1312,1149.748,571.1759,929.78723,531.0638,1131.338,617.59094,1035.9132,616.1574,1062.3995,644.9493,946.69885,642.8914,1174.656,773.04,891.82324,787.2563,1241.2292,920.07605,797.97986,937.2755
126,1193.8075,415.25943,1195.0111,399.723,1183.1676,402.13864,1178.4614,405.6515,1141.3772,411.2698,1161.4879,467.4864,1067.4412,470.83035,1178.8716,556.0983,1044.5916,574.5859,1179.4844,601.65247,1096.9901,632.4189,1065.3743,628.1486,972.5742,630.24524,1196.5854,774.5959,916.76666,785.66956,1257.4451,928.22046,793.9918,940.99384
127,1227.0298,422.56732,1227.6963,402.55966,1212.2378,409.99603,1218.6716,404.10718,1174.4894,424.0937,1213.0494,471.0909,1097.645,488.57703,1236.7227,570.8451,1066.9238,611.92365,1248.7123,592.98444,1159.7719,631.6891,1090.3477,633.4692,986.4947,640.69684,1219.9669,770.6928,943.502,787.7304,1263.7719,930.2635,810.7647,942.4852
128,1244.846,443.21432,1239.4326,422.32242,1232.7635,431.72214,1215.005,415.69083,1194.0056,441.6502,1203.4878,462.08862,1120.0364,499.7537,1233.1719,534.6275,1104.3837,621.958,1280.82,565.88556,1192.5175,636.74817,1091.1011,635.8686,1004.8688,651.46515,1236.4138,754.83093,959.7711,780.80695,1284.2963,927.3878,805.3391,946.62067
129,1266.0079,446.9549,1267.8317,427.96967,1256.8451,431.80585,1236.463,419.1926,1219.6527,432.46344,1179.3171,482.98517,1162.492,487.45267,1172.6451,610.6276,1162.1664,619.1593,1282.355,607.0417,1258.8398,631.0148,1067.9271,655.4086,1030.2466,660.3525,1198.6581,756.29706,1014.29266,777.67664,1225.5447,910.2263,884.5223,949.7472
130,1287.2468,459.571,1286.6785,446.1627,1278.8894,446.8051,1247.8821,431.48633,1245.1644,437.9188,1184.497,485.5579,1197.5885,501.00513,1219.8838,586.33966,1214.4368,635.34924,1327.3557,585.4364,1292.014,624.9925,1044.5823,678.8184,1087.2499,684.9303,1007.77,751.5632,1255.0902,759.4172,859.1589,915.81433,1269.2058,925.4403
131,1319.0763,462.49567,1313.0317,441.4598,1307.8074,452.352,1284.3009,424.09048,1266.321,454.66077,1262.6538,442.34796,1208.2328,517.1648,1339.2699,479.20605,1265.1973,652.8668,1420.2352,545.2039,1336.6094,635.6241,1110.6337,620.3668,1045.5803,645.2333,1239.5204,761.23303,1006.489,800.8144,1237.9036,911.75977,834.89764,943.2233
132,1324.4836,503.22815,1321.4355,489.4326,1319.2987,496.90854,1289.9429,451.68698,1297.4929,476.28995,1253.006,446.7196,1248.5577,523.04956,1353.7826,456.76602,1310.5854,644.35406,1468.6564,519.7533,1419.5105,619.13104,1070.9541,607.29364,1108.4604,634.9182,1000.56213,731.41907,1266.9567,784.28894,832.0805,877.4744,1281.0269,938.8898
133,1359.868,480.85852,1348.027,459.58954,1346.6067,469.50998,1306.3232,438.16214,1301.8502,467.50937,1287.0657,452.37973,1247.5408,518.8191,1383.4146,462.63574,1339.4604,618.21643,1507.9414,509.05783,1439.4679,603.59924,1134.9474,623.77814,1075.5668,643.7238,1261.6759,767.9092,1006.141,788.4285,1269.9705,915.9556,804.8015,913.7772
134,1368.5062,497.65076,1362.8206,481.22162,1360.9431,486.62805,1323.7323,457.795,1331.5018,477.1245,1282.3953,463.82895,1282.2639,528.7455,1359.5603,471.5279,1356.7399,637.826,1504.3188,505.40726,1462.387,590.2458,1097.1804,642.21045,1095.5222,659.8154,1111.3623,764.60156,1114.4601,786.11395,986.99255,912.95807,980.94434,923.1039
135,1391.4635,485.63324,1384.2731,462.7827,1379.6941,476.25778,1351.3042,442.6517,1341.5273,480.1767,1321.9619,454.54715,1288.8369,539.0019,1398.0978,464.07,1364.1498,656.0353,1512.0161,520.1098,1466.4424,626.3878,1137.1805,612.9062,1082.9656,638.46796,1252.9406,749.89307,1013.7887,786.13574,1254.2648,904.64685,809.1167,923.22546
136,1388.7294,489.0196,1381.1198,473.45255,1382.4237,478.41266,1339.1229,457.962,1345.2377,476.88345,1313.5435,469.21097,1286.5944,520.44946,1408.4719,472.57553,1351.5342,625.4003,1528.5084,507.70386,1483.0623,608.64294,1158.7804,621.1982,1125.3739,632.8069,1250.4718,719.8999,1132.8956,717.8273,1234.793,902.79877,1021.03326,872.4243
137,1395.7142,502.8088,1392.7806,487.23068,1388.8455,493.42642,1361.8422,457.99567,1362.5548,479.78256,1325.5989,463.4643,1304.1093,534.25214,1404.8987,468.8529,1351.59,658.7758,1513.1791,516.2007,1457.6732,632.9169,1113.3539,634.93384,1121.1926,653.5091,1085.36,763.22485,1230.8049,783.3118,920.121,913.5467,1165.1466,920.00006
138,1396.1604,499.15103,1391.4177,479.3618,1391.7964,488.04474,1362.0648,450.94595,1373.1016,477.38672,1338.7189,453.45895,1313.7765,527.01117,1409.1318,478.49057,1364.2249,658.34326,1524.6926,534.2785,1463.8008,632.03406,1146.034,623.7011,1108.8068,644.58746,1231.5405,744.6566,1070.6588,776.5212,1187.2932,889.0305,886.8902,911.419
139,1409.3851,500.10773,1400.3921,477.94913,1402.0591,486.35248,1360.0443,449.52704,1372.6361,475.29492,1325.4181,470.90332,1313.5839,516.3483,1366.5308,540.3183,1345.807,644.4531,1489.1876,568.58057,1445.9319,631.447,1160.2456,623.93005,1122.3325,636.6169,1289.5598,754.0955,1064.0568,775.01697,1275.7466,894.5649,836.454,909.11847
140,1426.2682,501.85358,1419.6696,481.1113,1416.2644,489.42508,1389.7131,452.96854,1377.561,477.83212,1366.7704,462.5944,1312.6963,522.0323,1447.7954,501.62924,1361.5884,646.48315,1547.7682,548.80133,1453.0338,636.5396,1182.7737,608.0416,1118.7562,624.5627,1301.2054,743.9035,1061.2504,774.9454,1268.6082,885.71765,841.665,912.27136
141,1432.4626,503.66602,1426.2363,484.8414,1425.2911,491.70538,1391.964,455.60947,1385.7057,477.41293,1368.2589,455.94974,1319.6129,522.9018,1468.7867,481.24063,1380.1007,649.67096,1562.646,566.85236,1485.9839,631.40094,1168.6188,603.9303,1120.7017,620.3289,1237.9161,739.3513,1100.2311,768.1061,1156.0142,902.9252,922.4977,923.16925
142,1428.4823,501.97653,1423.26,483.8663,1422.7812,489.4431,1388.2522,456.2179,1392.6208,475.33624,1360.1332,463.2686,1327.7175,524.4971,1444.376,496.27106,1373.2622,652.16943,1563.4589,556.1442,1471.0074,635.98566,1166.7457,630.2283,1131.5895,646.56177,1234.4664,740.4981,1116.5189,769.13605,1149.8805,894.926,937.1442,919.0892
143,1439.2137,492.17984,1430.6521,470.79684,1428.5204,479.53665,1392.4193,449.75128,1388.4076,476.323,1362.1232,475.108,1328.2358,528.8748,1421.0118,532.2083,1379.6995,658.62933,1545.4443,572.38275,1491.1565,648.4378,1192.9504,621.4251,1140.5226,635.40106,1296.0966,761.0408,1063.404,779.0343,1279.3876,897.8295,844.4169,899.32
144,1433.7887,492.29105,1431.6719,477.39322,1429.8431,484.06522,1385.6337,450.62805,1397.6268,471.68878,1317.7625,463.48892,1348.8839,531.4823,1410.7716,502.54788,1389.6974,660.83276,1534.8109,559.0099,1493.2218,632.70746,1126.1672,595.32776,1182.1471,619.76117,1061.1815,720.98627,1314.6211,784.3418,871.91626,854.3127,1277.754,940.92395
145,1436.9642,501.78738,1430.3599,482.51505,1430.6155,489.6475,1391.4235,456.3597,1400.0243,479.59534,1357.6864,464.79047,1340.1705,532.2239,1434.7614,500.73843,1392.08,663.8684,1561.0085,557.04846,1488.2992,634.7495,1168.6783,625.3182,1138.7826,644.37915,1248.5204,735.61194,1109.3109,766.4991,1178.9125,890.339,916.6874,913.32477
146,1430.695,500.95398,1426.5839,484.84802,1425.0392,490.43234,1389.6165,456.9016,1399.6886,476.97638,1349.5796,470.44666,1341.3125,534.57776,1420.1431,507.7426,1376.5696,666.7262,1543.8949,575.1988,1476.5145,636.1951,1145.8295,640.6937,1159.0005,657.7337,1121.897,737.1793,1242.6901,759.677,950.2553,891.23694,1148.8411,904.6101
147,1430.3566,497.73138,1429.1501,483.68475,1425.486,490.15137,1390.5554,457.7005,1397.0844,476.91348,1328.695,471.50778,1343.4536,535.3503,1411.8201,511.96362,1377.8358,658.6183,1542.7435,564.62317,1477.4293,635.78174,1138.1547,627.993,1181.7297,653.59595,1070.0455,722.94586,1307.8967,790.0479,883.8465,847.6928,1271.8633,938.8069
148,1435.604,491.71674,1433.4623,477.50226,1429.4573,485.40216,1394.8975,453.4173,1398.4222,476.4292,1335.8245,466.38373,1344.2642,539.1566,1425.8959,498.0446,1383.5579,661.6613,1547.2467,555.58777,1488.7877,635.9915,1141.7313,622.6053,1181.7665,652.00464,1070.907,720.7052,1314.2891,795.82855,878.2418,850.1098,1273.819,948.7747
149,1437.4863,492.64636,1435.3518,478.5443,1430.7634,485.12448,1398.6069,453.7483,1399.2026,474.03354,1345.3148,467.18274,1343.3435,536.9627,1435.3586,499.27972,1386.0309,663.54706,1553.3424,560.4192,1487.0452,634.8645,1149.0609,627.341,1181.688,652.72687,1080.4702,724.2811,1310.2249,781.3744,885.76904,869.3401,1269.9211,939.143
150,1440.5625,495.192,1433.6948,478.80396,1436.0635,487.57535,1387.192,448.5944,1407.924,475.55237,1341.0591,456.76917,1353.3544,534.58923,1438.3517,483.86942,1388.4445,661.7406,1544.965,567.59656,1484.7554,631.3254,1141.2826,617.186,1185.9159,641.8297,1069.966,737.8004,1315.3477,784.9106,885.77893,883.0607,1273.4861,927.3045
151,1444.124,499.2605,1436.5989,481.23624,1439.1077,490.4684,1384.2239,446.22052,1412.6381,475.59174,1328.859,457.76312,1363.3923,529.2638,1407.2384,495.9484,1382.7213,658.1131,1539.4622,567.49005,1474.3658,629.3842,1130.9183,613.76416,1193.7236,634.4875,1052.5902,743.807,1323.6423,776.9402,864.93274,890.2931,1282.8344,915.1963
152,1445.7847,501.39716,1438.3031,480.7142,1439.0076,489.38098,1398.7555,452.51688,1410.5664,479.5426,1366.0023,465.72098,1349.8679,531.8969,1427.0565,513.2408,1382.5181,664.76044,1550.3416,565.5166,1476.3243,634.4004,1176.2793,649.1063,1147.2443,668.0816,1245.9338,751.0844,1111.5209,785.9656,1167.7742,892.48096,905.23315,921.6024
153,1447.6111,499.01358,1442.7041,482.25513,1440.223,490.03577,1398.879,449.52374,1415.0122,475.22134,1335.9413,465.39478,1366.994,532.15204,1377.4788,504.26578,1374.843,657.2616,1496.8433,571.5782,1439.4325,640.12213,1140.9484,640.94226,1198.6913,661.84753,1070.3765,760.97534,1325.3812,795.4155,869.13226,891.3503,1273.9656,923.48975
154,1445.7439,499.89413,1440.648,482.78833,1441.2352,491.70016,1394.3179,447.68536,1413.649,474.92334,1338.7192,456.5616,1358.9069,528.98663,1422.5555,500.36087,1372.0134,659.1385,1545.787,578.6107,1458.0448,634.19037,1141.2129,625.73645,1192.7505,651.5316,1076.5209,725.81537,1332.6344,786.1575,880.80585,859.47076,1286.2708,932.2294
155,1444.8075,496.8711,1442.6743,481.48526,1438.767,488.42004,1402.9766,453.00452,1410.2479,474.7066,1337.4133,470.63864,1357.3988,532.9784,1403.4872,520.3603,1372.8701,657.5887,1535.2684,580.7697,1457.7327,638.16113,1146.6433,636.72363,1194.0872,661.91693,1089.6669,723.7498,1330.5369,787.5692,896.31226,858.6132,1281.2933,943.0913
156,1445.3518,500.79395,1440.6534,484.2854,1440.6576,490.7797,1392.0061,452.9684,1410.8185,475.02625,1329.6677,473.02463,1357.0829,529.3694,1396.4312,539.3273,1368.6738,661.8176,1518.542,605.37683,1454.3168,636.2505,1138.7944,636.192,1192.534,655.17926,1090.277,742.06714,1335.8489,786.9857,895.1431,868.999,1283.2407,924.39935
157,1444.0992,500.48972,1437.6359,483.36615,1439.1694,489.97983,1390.9915,454.93066,1410.5364,477.93506,1346.2869,472.06668,1353.3087,535.7842,1421.8907,516.7167,1369.4176,669.94836,1533.5374,582.56805,1452.635,643.3057,1154.9985,649.3769,1182.5787,667.46967,1138.0155,759.8359,1295.0969,787.0425,976.41125,896.86707,1218.4666,914.62573
158,1445.1993,498.5114,1437.9281,480.28372,1437.3882,487.68027,1396.214,456.2204,1404.6562,480.60278,1358.9795,472.50842,1346.8059,539.79004,1423.6351,513.7902,1376.4525,672.93176,1534.2946,570.8029,1457.828,649.5188,1177.1477,660.7963,1166.6863,680.6414,1206.691,757.0889,1187.9766,788.4254,1091.827,895.41254,1038.0524,916.05194
159,1446.9146,498.99042,1438.2311,481.40405,1442.3113,488.8202,1387.7567,453.54044,1411.1903,478.187,1348.7235,468.79507,1348.8805,538.30066,1435.0062,507.9778,1372.0709,672.5131,1538.9661,582.77454,1460.432,644.10333,1154.1245,654.093,1176.0891,673.7668,1135.0583,758.8373,1282.3126,786.3229,981.91754,899.44666,1204.9259,911.13995
160,1445.8737,498.81348,1437.3446,479.66357,1441.5326,487.3117,1393.6311,452.01645,1413.2175,477.3445,1368.2601,461.63913,1347.2454,535.26416,1447.9862,496.61667,1367.5525,673.1478,1544.955,578.49243,1453.9025,646.9189,1176.5608,656.3409,1159.886,676.21454,1213.5066,757.7364,1178.8474,787.9895,1101.8455,899.7211,1020.5223,913.99274
161,1441.4474,497.36172,1434.4889,477.36542,1433.5948,484.28027,1399.6165,452.21478,1400.0752,474.92398,1377.0541,467.85648,1336.2664,531.94354,1437.9208,507.03876,1379.8646,659.0431,1538.9132,574.3167,1466.5898,653.8986,1208.5219,657.3887,1155.1995,675.0145,1305.2351,764.2035,1086.6532,789.6233,1263.375,897.2827,874.4286,909.5426
162,1436.6338,490.94397,1431.0162,470.94525,1426.4666,477.26752,1400.4924,448.45306,1390.4083,469.75098,1378.0033,471.51865,1331.8359,529.4393,1433.9594,513.8093,1381.7544,654.1752,1535.8145,576.4607,1469.2123,653.3298,1213.9635,654.3745,1156.1184,669.08136,1312.0547,771.0301,1081.4252,790.2483,1270.0929,901.5258,864.70703,907.0631
163,1433.5933,488.21768,1426.507,468.96783,1425.858,475.2693,1387.5533,446.48276,1393.7125,468.31277,1358.1907,464.33405,1337.0083,528.46216,1414.685,504.31204,1380.4172,657.9998,1525.8022,571.1788,1456.979,646.46564,1196.3999,650.6156,1159.5521,668.4789,1291.0723,764.2172,1110.5415,786.77606,1237.6926,897.28625,909.31537,905.8068
164,1442.6683,484.16693,1432.719,461.4931,1432.2268,471.3285,1388.78,435.04596,1394.8319,465.4285,1353.6709,460.60138,1336.192,521.1921,1378.8892,524.1353,1361.4651,657.00146,1489.8431,575.4466,1435.8398,648.7591,1199.123,645.35236,1161.3145,663.115,1304.4657,764.9636,1103.9451,785.38696,1274.4229,898.5621,892.9525,904.00916
165,1435.622,472.2075,1429.2756,449.7973,1424.0537,458.84335,1390.3103,427.04974,1388.9828,455.56952,1345.2661,462.4446,1339.1102,515.4428,1364.4448,546.23676,1364.6923,660.44763,1486.687,590.6274,1441.7087,648.60114,1182.9692,655.73285,1154.7725,671.98425,1284.0125,753.5746,1120.936,780.3789,1227.9558,892.17975,911.2817,914.3141
166,1438.8689,465.4085,1432.6144,447.73965,1429.3397,456.77567,1384.2737,421.76517,1399.3285,452.8787,1319.2412,456.48715,1351.5227,513.30725,1316.6293,524.5273,1343.3406,644.5529,1415.921,566.1904,1406.6733,638.6847,1147.1882,644.8097,1195.6954,664.59064,1108.7216,749.44775,1321.6178,783.73755,946.46466,887.0538,1270.1453,926.1792
167,1437.0973,460.44528,1426.1034,437.3502,1425.7701,447.78308,1378.678,415.04984,1388.1344,447.87497,1335.8641,452.43073,1332.7772,505.1458,1330.9883,539.7342,1343.1461,645.85565,1430.2783,580.6091,1415.6812,643.8022,1191.0831,642.46545,1160.808,658.8671,1309.2168,765.59344,1114.3478,787.9604,1275.6924,900.64764,889.1567,914.22644
168,1440.8728,457.1565,1429.9755,433.1641,1426.7307,442.34637,1385.5917,406.72424,1381.5393,436.70947,1342.648,449.52707,1327.5627,490.84634,1329.6554,559.0668,1342.9922,637.9947,1417.5609,603.9644,1410.4271,642.54974,1203.674,636.5615,1165.1886,648.0963,1322.3613,764.31006,1119.9749,776.01807,1288.8303,911.8508,895.87854,910.8522
169,1442.46,459.0274,1430.1576,439.4869,1434.5758,444.96332,1384.4731,415.66196,1396.6821,436.96097,1363.2426,443.79376,1322.9657,486.18854,1400.7386,524.76855,1337.8735,619.80005,1494.9728,581.6269,1426.1748,618.2837,1208.933,630.6796,1160.126,641.7792,1322.9202,743.4386,1141.901,753.93774,1270.6273,901.1922,928.23395,893.6865
170,1420.2189,425.34204,1415.5009,405.23154,1409.5984,411.3434,1379.9833,391.1185,1373.6512,412.68292,1342.3325,440.78174,1313.2643,478.3885,1352.6279,539.1939,1324.5035,626.09344,1460.6602,575.0959,1407.8899,629.28,1195.0267,639.1744,1154.3157,650.5437,1298.9432,735.8976,1143.2156,750.3977,1255.0662,892.5288,963.4365,900.38
171,1418.55,424.61517,1416.1234,405.11118,1405.6091,408.39258,1390.5024,388.57022,1366.2762,404.05457,1356.516,438.42804,1304.4108,466.93307,1344.951,532.9336,1318.051,610.6202,1424.6742,577.70526,1388.2328,630.0915,1207.8339,630.7839,1148.9557,635.5838,1330.7621,749.6638,1127.8572,746.03064,1269.0261,900.85803,925.7344,890.4991
172,1416.1747,406.3724,1413.8505,387.5701,1404.7875,391.95996,1384.8893,381.17468,1363.357,396.38654,1342.9565,438.90857,1300.7448,465.9474,1345.3129,536.95245,1295.1244,601.02216,1423.1638,579.38135,1368.5713,635.90094,1208.3353,630.7103,1153.7262,640.65765,1317.1202,753.4301,1112.517,783.362,1266.5835,867.8824,902.5478,907.47107
173,1407.6064,390.34433,1403.0596,377.2434,1398.03,379.44177,1362.2401,372.2928,1363.376,385.2431,1314.6553,438.80072,1300.6483,460.2955,1337.5814,537.5574,1274.7305,596.15015,1427.499,593.03046,1350.9246,626.9882,1152.5515,629.5506,1176.8584,634.78015,1113.4948,757.1303,1327.6431,766.9215,923.487,910.0651,1269.1946,917.84235
174,1385.9182,392.31775,1382.271,373.34006,1375.0664,377.81967,1353.4124,367.98233,1338.0037,383.12854,1316.1368,431.23737,1283.33,452.11185,1321.7976,538.8823,1272.6139,584.8453,1396.432,591.8255,1323.9039,628.32916,1197.2423,631.97723,1148.4524,639.72107,1313.8173,749.8633,1105.9895,777.1866,1277.2283,881.16547,894.94775,917.4361
175,1401.9459,380.0206,1394.8601,362.64194,1392.0985,367.70517,1347.1166,357.81573,1352.2485,377.24707,1298.391,422.92093,1292.9968,443.79248,1284.8262,536.79675,1253.2969,576.49725,1365.95,601.8825,1317.0692,626.09717,1164.5522,629.78784,1155.7993,635.3716,1218.2656,753.65,1194.8433,767.1213,1115.3589,891.9701,1039.1929,904.4275
176,1373.6445,369.48413,1369.8988,355.33923,1367.232,357.73627,1320.966,350.55527,1338.6965,364.1468,1264.6631,425.49664,1282.1528,436.8319,1251.3169,546.9448,1235.0856,565.32074,1340.4807,606.85626,1316.9391,618.86945,1133.1134,625.55,1176.0172,628.8186,1093.5948,758.086,1310.2706,771.56305,917.8123,895.90594,1254.1597,921.53784
177,1363.1498,365.32144,1357.2551,352.27057,1354.9457,354.38986,1312.0482,346.50577,1329.9332,359.65515,1258.8395,419.24432,1280.0966,429.7294,1249.044,534.5746,1239.2993,556.72375,1342.4963,610.74084,1308.1915,625.93463,1126.2858,621.7651,1170.4501,625.0584,1094.8746,750.5451,1318.5469,757.12335,920.15405,903.75366,1256.0974,910.5954
178,1362.4373,361.14624,1360.5148,345.38837,1349.608,349.32193,1320.2289,337.12497,1314.553,354.95132,1255.791,417.92783,1275.8245,425.36993,1222.4373,539.828,1236.6881,547.5022,1307.6217,611.1359,1302.5394,626.17224,1127.2325,618.64606,1171.2402,619.2095,1085.8569,762.1678,1307.6412,766.79205,906.3574,903.68353,1251.3505,916.0285
179,1352.1094,356.91174,1349.5244,344.62088,1342.1307,344.54425,1306.9885,339.4304,1308.5857,347.8581,1244.4808,412.2607,1261.9513,421.77863,1220.0698,528.96906,1223.1815,549.4247,1283.337,608.1808,1273.6204,624.661,1126.4341,616.28485,1166.9742,620.84094,1093.8983,742.84406,1311.4574,757.11676,922.65765,904.14703,1261.1919,927.5233
180,1332.1731,353.5463,1329.9237,340.90213,1321.3685,340.69592,1289.4103,334.43576,1289.3016,342.77695,1229.7917,409.5768,1247.6843,418.97702,1209.3048,526.70435,1210.0465,551.79016,1279.957,607.01587,1259.1819,636.9369,1120.4716,623.21545,1163.264,627.8602,1090.2156,751.97186,1316.8016,766.0488,906.73425,911.59186,1263.2018,936.7412
181,1315.9954,337.3964,1316.4309,323.88925,1302.6189,324.69287,1282.4497,322.5491,1271.5223,332.3713,1217.7249,411.39096,1239.4237,412.5077,1187.9293,545.9921,1199.5018,547.10803,1265.9967,621.5472,1249.9198,635.0565,1108.8494,626.6312,1153.2731,628.8426,1085.7085,758.41205,1316.335,772.5762,892.4794,904.54285,1259.0432,935.03503
182,1305.5823,341.8818,1300.8516,323.6099,1293.0562,326.33453,1269.6061,323.18713,1258.5522,335.86707,1240.6417,403.84323,1208.8268,408.36194,1210.786,538.00775,1182.7753,544.1927,1264.1935,626.6147,1225.9823,642.95197,1157.3683,619.7326,1109.9429,621.29626,1290.9023,757.296,1091.1384,763.3893,1253.334,906.1394,888.0162,918.9005
183,1293.7255,342.14532,1290.5209,325.82455,1280.018,328.23972,1260.7274,328.16043,1244.2095,340.17197,1229.824,410.60715,1195.7305,412.26288,1202.1919,538.032,1166.8173,539.94525,1252.182,622.0126,1210.1737,637.73016,1142.8751,624.4071,1104.288,624.71796,1242.3184,752.25604,1117.5205,753.45575,1192.0284,915.45984,959.0083,921.1254
184,1265.2319,336.8275,1259.6707,318.23145,1252.0034,322.9899,1227.9043,321.1322,1218.4083,337.4124,1199.2365,405.81345,1177.886,409.88443,1166.6104,535.05066,1150.3636,532.1534,1214.5507,616.9092,1182.0812,637.68176,1139.826,627.1629,1097.2168,630.3503,1275.8438,761.04333,1066.5906,772.20746,1270.0887,908.662,873.3117,928.13416
185,1256.3829,342.35947,1253.6575,332.22736,1248.1938,330.31635,1218.5834,333.45532,1218.065,333.9818,1183.3228,411.2221,1165.5321,407.38065,1178.8861,530.46436,1130.136,533.8341,1206.5667,621.8052,1172.9578,643.3627,1096.2288,630.7066,1114.3306,629.08856,1070.9432,767.19055,1264.1001,764.097,913.035,923.9012,1244.8264,928.3696
186,1231.3843,330.24985,1230.2012,317.43524,1218.2432,316.80124,1198.6594,321.44815,1181.3118,326.02853,1169.7358,401.16632,1135.6425,406.26227,1160.2489,525.78925,1108.431,541.2895,1208.386,624.427,1145.9696,641.63916,1113.9453,621.02856,1096.7693,624.85876,1146.6423,765.0456,1169.7708,767.2832,1058.2758,914.9359,1100.8805,919.12646
